{"per_class": {"1": {"sq": 0.7884119986029129, "pq": 0.3906629918388072, "rq": 0.49550614720612124}, "2": {"sq": 0.7235338085137357, "pq": 0.08654904137615396, "rq": 0.11961989938513136}, "3": {"sq": 0.8097852101964631, "pq": 0.1305191266524882, "rq": 0.1611774641090602}, "4": {"sq": 0.7690591642995339, "pq": 0.20062412981726974, "rq": 0.2608695652173913}, "5": {"sq": 0.7640851061033368, "pq": 0.338445135754986, "rq": 0.4429416737109045}, "6": {"sq": 0.8979137004400206, "pq": 0.2544836916700254, "rq": 0.28341664855466203}, "7": {"sq": 0.8585368684800042, "pq": 0.3525285925126151, "rq": 0.4106155547364541}, "8": {"sq": 0.8432203991241902, "pq": 0.1397459894200704, "rq": 0.16572890025575449}, "9": {"sq": 0.7515992119886372, "pq": 0.24198469817306956, "rq": 0.3219597550306212}, "10": {"sq": 0.8044151414839404, "pq": 0.22963040162184734, "rq": 0.2854625550660793}, "11": {"sq": 0.8654178381350286, "pq": 0.33709159238218345, "rq": 0.3895131086142322}, "13": {"sq": 0.9207929462508151, "pq": 0.32398270331047196, "rq": 0.35185185185185186}, "14": {"sq": 0.8813995341867337, "pq": 0.30322199718377424, "rq": 0.34402332361516036}, "15": {"sq": 0.7878418806406646, "pq": 0.14458062506313907, "rq": 0.18351477449455678}, "16": {"sq": 0.7841533071329865, "pq": 0.37792832172525587, "rq": 0.4819571865443425}, "17": {"sq": 0.8402418419724543, "pq": 0.29128383855045087, "rq": 0.3466666666666667}, "18": {"sq": 0.8221199351295465, "pq": 0.2543687918098844, "rq": 0.3094059405940594}, "19": {"sq": 0.773867667346543, "pq": 0.3083941914565367, "rq": 0.3985102420856611}, "20": {"sq": 0.801665667377175, "pq": 0.5393771054353095, "rq": 0.6728205128205128}, "21": {"sq": 0.8057008163806534, "pq": 0.4965563007490042, "rq": 0.6163035839775123}, "22": {"sq": 0.8327227170433293, "pq": 0.5518134825508939, "rq": 0.6626617375231053}, "23": {"sq": 0.877622810675228, "pq": 0.6814483000537065, "rq": 0.7764705882352941}, "24": {"sq": 0.791345933343785, "pq": 0.5453262750108462, "rq": 0.6891123742894621}, "25": {"sq": 0.7695998923964296, "pq": 0.5108999285672244, "rq": 0.6638513513513513}, "27": {"sq": 0.7486635008118407, "pq": 0.004600082954297024, "rq": 0.006144393241167435}, "28": {"sq": 0.8401405895233401, "pq": 0.1446251406065218, "rq": 0.17214397496087636}, "31": {"sq": 0.869451656868559, "pq": 0.0026070514448832353, "rq": 0.0029985007496251873}, "32": {"sq": 0.774549423348232, "pq": 0.014859461359198694, "rq": 0.019184652278177457}, "33": {"sq": 0.8170115309223275, "pq": 0.22402860353205872, "rq": 0.2742049469964664}, "34": {"sq": 0.8652559624206811, "pq": 0.07711728720326927, "rq": 0.08912655971479501}, "35": {"sq": 0.5930561979570308, "pq": 0.004454882238174879, "rq": 0.007511737089201878}, "36": {"sq": 0.8220357099351443, "pq": 0.02682008841550226, "rq": 0.03262642740619902}, "37": {"sq": 0.8911673675383475, "pq": 0.07284426735316749, "rq": 0.08174027686222808}, "38": {"sq": 0.7824289378038379, "pq": 0.24401173653543423, "rq": 0.31186440677966104}, "39": {"sq": 0.6093280575878017, "pq": 0.006695912720745074, "rq": 0.01098901098901099}, "40": {"sq": 0, "pq": 0.0, "rq": 0.0}, "41": {"sq": 0.7341753347834798, "pq": 0.027643368087085618, "rq": 0.03765227021040975}, "42": {"sq": 0.7891375398814804, "pq": 0.09093927677178545, "rq": 0.1152388172858226}, "43": {"sq": 0.8197862300868325, "pq": 0.009395830717327592, "rq": 0.011461318051575931}, "44": {"sq": 0.8147855136441334, "pq": 0.09077023411315902, "rq": 0.11140383891607075}, "46": {"sq": 0.7192346664997652, "pq": 0.06619739222271194, "rq": 0.09203865623561897}, "47": {"sq": 0.8440845094369728, "pq": 0.05011967807877193, "rq": 0.059377559377559376}, "48": {"sq": 0.6828008843093685, "pq": 0.010252265530170699, "rq": 0.015015015015015015}, "49": {"sq": 0.7750154181155471, "pq": 0.00767341998134205, "rq": 0.009900990099009901}, "50": {"sq": 0.7624955413165377, "pq": 0.008425365097420307, "rq": 0.011049723756906077}, "51": {"sq": 0.8076728222163179, "pq": 0.05919845414587416, "rq": 0.07329509241555131}, "52": {"sq": 0.7612938424283809, "pq": 0.13425371428073632, "rq": 0.17634940255459414}, "53": {"sq": 0.8506172226172327, "pq": 0.11172730594797277, "rq": 0.13134851138353765}, "54": {"sq": 0.8088553346053623, "pq": 0.07900748664680081, "rq": 0.0976781425140112}, "55": {"sq": 0.8417280909195085, "pq": 0.15384320171637117, "rq": 0.18277066356228172}, "56": {"sq": 0.7480383126779844, "pq": 0.17470109213286258, "rq": 0.23354564755838642}, "57": {"sq": 0.7621321437051595, "pq": 0.06889330112589012, "rq": 0.0903954802259887}, "58": {"sq": 0.8199319232129121, "pq": 0.053308267453471066, "rq": 0.06501547987616099}, "59": {"sq": 0.8079411691310757, "pq": 0.16325409190689777, "rq": 0.2020618556701031}, "60": {"sq": 0.8698609837713545, "pq": 0.2781788932872859, "rq": 0.3197969543147208}, "61": {"sq": 0.7685816344240843, "pq": 0.08255329587967732, "rq": 0.10740992522093813}, "62": {"sq": 0.7627219621063522, "pq": 0.09154843269864289, "rq": 0.1200285782329126}, "63": {"sq": 0.8223596582650906, "pq": 0.10045011278293232, "rq": 0.12214863870493009}, "64": {"sq": 0.7365162814728742, "pq": 0.08097293062459451, "rq": 0.10994044892349977}, "65": {"sq": 0.8119973937158009, "pq": 0.2484645893510828, "rq": 0.30599185573007565}, "67": {"sq": 0.7302030486830636, "pq": 0.041243313669565185, "rq": 0.056481979558902634}, "70": {"sq": 0.8520059017478512, "pq": 0.400072336472904, "rq": 0.46956521739130436}, "72": {"sq": 0.8663132639618382, "pq": 0.16687065809255125, "rq": 0.19262161279791054}, "73": {"sq": 0.7718418649908977, "pq": 0.1401171422869434, "rq": 0.18153607447633824}, "74": {"sq": 0.8848940296115586, "pq": 0.11391739231780984, "rq": 0.12873563218390804}, "75": {"sq": 0.8095515399161496, "pq": 0.06466269152031892, "rq": 0.07987470634299139}, "76": {"sq": 0.8368605565983686, "pq": 0.1310189625545406, "rq": 0.1565600882028666}, "77": {"sq": 0.8511443529615784, "pq": 0.07953510690157009, "rq": 0.09344490934449093}, "78": {"sq": 0.8579583849112987, "pq": 0.14556620412376792, "rq": 0.16966580976863754}, "79": {"sq": 0.837703054976583, "pq": 0.17272227937661505, "rq": 0.20618556701030927}, "80": {"sq": 0, "pq": 0.0, "rq": 0.0}, "81": {"sq": 0.8336045838960602, "pq": 0.18543984447635337, "rq": 0.22245540398740818}, "82": {"sq": 0.877725487476448, "pq": 0.1715466419314733, "rq": 0.19544452608376195}, "84": {"sq": 0.7678967435027484, "pq": 0.01571318959124841, "rq": 0.020462633451957295}, "85": {"sq": 0.8526502052535344, "pq": 0.31539182932516646, "rq": 0.36989591673338673}, "86": {"sq": 0.8320417124732398, "pq": 0.17007250624712672, "rq": 0.2044038221852929}, "87": {"sq": 0.7312480085561972, "pq": 0.1109753075315638, "rq": 0.15176151761517614}, "88": {"sq": 0.8017492381349823, "pq": 0.31969120564627596, "rq": 0.3987421383647799}, "89": {"sq": 0, "pq": 0.0, "rq": 0.0}, "90": {"sq": 0.6965405490435415, "pq": 0.07723447566396557, "rq": 0.11088295687885011}, "92": {"sq": 0, "pq": 0.0, "rq": 0.0}, "93": {"sq": 0, "pq": 0.0, "rq": 0.0}, "95": {"sq": 0, "pq": 0.0, "rq": 0.0}, "100": {"sq": 0, "pq": 0.0, "rq": 0.0}, "107": {"sq": 0, "pq": 0.0, "rq": 0.0}, "109": {"sq": 0, "pq": 0.0, "rq": 0.0}, "112": {"sq": 0, "pq": 0.0, "rq": 0.0}, "118": {"sq": 0, "pq": 0.0, "rq": 0.0}, "119": {"sq": 0, "pq": 0.0, "rq": 0.0}, "122": {"sq": 0, "pq": 0.0, "rq": 0.0}, "125": {"sq": 0, "pq": 0.0, "rq": 0.0}, "128": {"sq": 0, "pq": 0.0, "rq": 0.0}, "130": {"sq": 0, "pq": 0.0, "rq": 0.0}, "133": {"sq": 0, "pq": 0.0, "rq": 0.0}, "138": {"sq": 0, "pq": 0.0, "rq": 0.0}, "141": {"sq": 0, "pq": 0.0, "rq": 0.0}, "144": {"sq": 0, "pq": 0.0, "rq": 0.0}, "145": {"sq": 0, "pq": 0.0, "rq": 0.0}, "147": {"sq": 0, "pq": 0.0, "rq": 0.0}, "148": {"sq": 0, "pq": 0.0, "rq": 0.0}, "149": {"sq": 0, "pq": 0.0, "rq": 0.0}, "151": {"sq": 0, "pq": 0.0, "rq": 0.0}, "154": {"sq": 0, "pq": 0.0, "rq": 0.0}, "155": {"sq": 0, "pq": 0.0, "rq": 0.0}, "156": {"sq": 0, "pq": 0.0, "rq": 0.0}, "159": {"sq": 0, "pq": 0.0, "rq": 0.0}, "161": {"sq": 0, "pq": 0.0, "rq": 0.0}, "166": {"sq": 0, "pq": 0.0, "rq": 0.0}, "168": {"sq": 0,